"Refs","Value","Footprint","Qty","DNP"
"C1","100nF","Capacitor_SMD:C_1206_3216Metric_Pad1.33x1.80mm_HandSolder","1",""
"J1,J2","Conn_01x04_Socket","Connector_PinSocket_2.54mm:PinSocket_1x04_P2.54mm_Vertical","2",""
"J3","HEATER_CTRL","Connector_PinHeader_2.54mm:PinHeader_1x04_P2.54mm_Vertical","1","DNP"
"J4","RAIN_SIGNAL","Connector_PinHeader_2.54mm:PinHeader_1x04_P2.54mm_Vertical","1","DNP"
"Q1","AO3400A","Package_TO_SOT_SMD:SOT-23","1",""
"R1","100Ohm","Resistor_SMD:R_1206_3216Metric_Pad1.30x1.75mm_HandSolder","1",""
"R2,R4","100kOhm","Resistor_SMD:R_1206_3216Metric_Pad1.30x1.75mm_HandSolder","2",""
"R3","10kOhm","Resistor_SMD:R_1206_3216Metric_Pad1.30x1.75mm_HandSolder","1",""
"U1","ICM7555xB","Package_SO:SOIC-8_3.9x4.9mm_P1.27mm","1",""
