Position;Qty;References;Category;Description;Manufacturer;MPN;Supplier;Supplier_PN;URL; Unit_Price ; Total ;Quntity Ordered;Notes
1;15;;Cable Assembly, Set;SET JST-PH, 4-polig, 2.0 mm, vertikaler PCB-Stecker, Buchse THT;JST;;AliExpress;;https://de.aliexpress.com/item/1005004271667669.html?pdp_npi=6%40dis%21EUR%211.31%211.05%21%21%211.47%211.18%21%402151fd2c17861639403986736e1053%2112000028589841107%21affd%21%21%21%211%210%21&dp=Cj0KCQjwkOvTBhDgARIsAKUNyRuCLR0hyUKo7Y9WEv5UADOCmJ3rMlbJDiYyNLUyU9m6jgiiwt63r90aAnSMEALw_wcB&cn=denew&gad_source=1&gad_campaignid=22661093206&gbraid=0AAAAA_6Nvw9L18uMp8Bz4fLFYlq7Ky07O&gclid=Cj0KCQjwkOvTBhDgARIsAKUNyRuCLR0hyUKo7Y9WEv5UADOCmJ3rMlbJDiYyNLUyU9m6jgiiwt63r90aAnSMEALw_wcB&aff_fcid=22aba782405b4cb699c38e981f7cd8ca-1786479345188-03313-_oEmQFg2&aff_fsk=_oEmQFg2&aff_platform=api-new-product-query&sk=_oEmQFg2&aff_trace_key=22aba782405b4cb699c38e981f7cd8ca-1786479345188-03313-_oEmQFg2&terminal_id=fc2532b394bd40539d538fe620bfabbe&afSmartRedirect=y&gatewayAdapt=glo2deu; 0,17 € ; 2,54 € ;0;"GPIO-Anschlüsse; exakte Herstellerartikelnummer vor Bestellung gegen Footprint und Orientierung prüfen"
4;6;;Cable Assembly Set;Qwiic/JST-SH, 4-poliges Pigtail;JST;;eBay;;https://www.ebay.de/itm/173373182853?var=472082388514&mkevt=1&mkcid=1&mkrid=707-53477-19255-0&campid=5338900900&toolid=20006&_ul=DE&customid=56357.a3ed6a6e290d515ebd3c2719dda804fc89ac0aba&gclid=Cj0KCQjwkOvTBhDgARIsAKUNyRushMKf0tSoocu00ZtebiM-JK-GbXhf7yKDhPSZVdsZL-EEyywLbIcaAndsEALw_wcB&gbraid=0AAAAAqbaHat7Q_3DRZ3ZEIWwp68U1IjOi&adtype=pla&loc_physical_ms=9041684; 0,67 € ; 4,02 € ;0;"Qwiic-Konvention: GND=schwarz, 3V3=rot, SDA=blau, SCL=gelb; Kabelbelegung vor Anschluss prüfen"
5;2;;Socket;PinSocket 1x4, 2.54 mm;fischer Elektronik;10120946;reichelt;BKL 10120946;https://www.reichelt.de/de/de/shop/produkt/buchsenleiste_2_54mm_1x4_gerade-266671; 0,81 € ; 1,62 € ;0;"Für interne Qwiic-Breakouts; Bauhöhe und Ausführung passend zur Mechanik wählen"
6;2;;Socket;PinSocket 1x19, 2.54 mm;fischer Elektronik;BL1.20 G;reichelt; FIS BL1 20 G;https://www.reichelt.de/de/de/shop/produkt/buchsenleiste_2_54mm_1x20_trennbar_vergoldet-283787; 2,55 € ; 5,10 € ;;"Für ESP32-DevKitC mit 38 Pins; alternativ eine geeignete 38-Pin-ESP32-Fassung verwenden"
7;4;R1 R2 R3 R4;Resistor;4.7 kOhm, 1%, SMD 1206;Vishay;CRCW12064K70FKEA;reichelt;VIS CRCW12064K7;https://www.reichelt.de/de/de/shop/produkt/smd-widerstand_1206_4_7_kohm_250_mw_1_-238119; 0,15 € ; 0,60 € ;0;I2C-Pull-ups für die beiden I2C-Busse
8;2;;Capacitor;100 nF Keramik, SMD;Kyocera, AVX;C1206F104K1RACTU;reichelt;KEM X7R1206A100N;https://www.reichelt.de/de/de/shop/produkt/vielschicht_kerko_1206_100_nf_10_x7r_100_v_125_c-207151; 0,24 € ; 0,48 € ;10;Spannungsfestigkeit, Dielektrikum und Bauform vor Bestellung gegen Schaltplan und Footprint prüfen
9;1;;Capacitor;10 uF Keramik, SMD;Kyocera AVX;12063C106KAT2A;reichelt;12063C106KAT2A;https://www.reichelt.de/de/de/shop/produkt/mlcc_1206_10_f_25_v_-10_x7r-409262; 0,11 € ; 0,11 € ;10;Spannungsfestigkeit, Dielektrikum und Bauform vor Bestellung gegen Schaltplan und Footprint prüfen
10;1;;Capacitor;47 uF, 10 V, Tantal;Kyocera AVX;TAJB476K010RNJ;reichelt;TAJ 3528 47/10;https://www.reichelt.de/de/de/shop/produkt/smd-tantal_kondensator_47_f_10_v-167014; 0,29 € ; 0,29 € ;0;"Polarisiert; Bauform B"
11;1;;Voltage Regulator;LDO, 3.3 V, SOT-223;Texas Instruments;LM3940IMP-3.3/NOPB;reichelt; LM 3940 IMP-3,3;https://www.reichelt.de/de/de/shop/produkt/ldo-spannungsregler_fix_3_3_vout_1_a_sot-223-109407?search=LM3940%2520&; 1,95 € ; 1,95 € ;3;Footprint und thermische Auslegung vor Bestückung prüfen
12;1;;Development Board;ESP32-DevKitC, 38 Pin;Espressif Systems;;;;; 5,00 € ; 5,00 € ;3;Exakte Modulvariante und Pinout vor Bestückung prüfen
13;1;;PCB;EnvNode Mainboard Rev 0.1;JLCPCB;;JLCPCB;;;;;;"Unbestückte Leiterplatte; SMD-Lötjumper sind PCB-Strukturen und keine Kaufteile"