"Reference","Qty","Value","DNP","Exclude from BOM","Exclude from Board","Exclude from Simulation","Exclude from Position Files","Footprint","Datasheet"
"C1","1","100nF","","","","","${EXCLUDE_FROM_POS_FILES}","Capacitor_SMD:C_1206_3216Metric_Pad1.33x1.80mm_HandSolder",""
"J1","1","DetektorLeft","","","","","${EXCLUDE_FROM_POS_FILES}","Connector_PinHeader_2.54mm:PinHeader_1x08_P2.54mm_Vertical",""
"J2","1","DetektorRight","","","","","${EXCLUDE_FROM_POS_FILES}","Connector_PinHeader_2.54mm:PinHeader_1x08_P2.54mm_Vertical",""
"J3","1","HEATER_CTRL","","","","","${EXCLUDE_FROM_POS_FILES}","Connector_PinSocket_2.54mm:PinSocket_1x04_P2.54mm_Vertical",""
"J4","1","RAIN_SIGNAL","","","","","${EXCLUDE_FROM_POS_FILES}","Connector_PinSocket_2.54mm:PinSocket_1x04_P2.54mm_Vertical",""
"Q1","1","A03400A","","","","","${EXCLUDE_FROM_POS_FILES}","Package_TO_SOT_SMD:SOT-23",""
"R1","1","100Ohm","","","","","${EXCLUDE_FROM_POS_FILES}","Resistor_SMD:R_1206_3216Metric_Pad1.30x1.75mm_HandSolder",""
"R2,R4","2","100kOhm","","","","","${EXCLUDE_FROM_POS_FILES}","Resistor_SMD:R_1206_3216Metric_Pad1.30x1.75mm_HandSolder",""
"R3","1","10kOhm","","","","","${EXCLUDE_FROM_POS_FILES}","Resistor_SMD:R_1206_3216Metric_Pad1.30x1.75mm_HandSolder",""
"U1","1","ICM7555xB","","","","","${EXCLUDE_FROM_POS_FILES}","Package_SO:SOIC-8_3.9x4.9mm_P1.27mm","http://www.intersil.com/content/dam/Intersil/documents/icm7/icm7555-56.pdf"
